<?xml version="1.0" encoding="UTF-8"?>
<WaveXmd xmlns="http://soap.sforce.com/2006/04/metadata" xmlns:xsi="http://www.w3.org/2001/XMLSchema-instance">
    <dataset xsi:nil="true"/>
    <measures>
        <field>Enrollment_PoP_1.B</field>
        <formatCustomFormat>[&quot;#,###&quot;,1]</formatCustomFormat>
        <isDerived>false</isDerived>
        <label>Enrollment PoP</label>
        <sortIndex>0</sortIndex>
    </measures>
    <measures>
        <field>Enrollment_PoP_1.D</field>
        <formatCustomFormat>[&quot;#,###&quot;,1]</formatCustomFormat>
        <isDerived>false</isDerived>
        <label>Cancellation PoP</label>
        <sortIndex>1</sortIndex>
    </measures>
    <measures>
        <field>Flights_PoP_1.B</field>
        <isDerived>false</isDerived>
        <label>Flights By Members</label>
        <sortIndex>2</sortIndex>
    </measures>
    <measures>
        <field>Flights_PoP_1.D</field>
        <formatCustomFormat>[&quot;#,###&quot;,1]</formatCustomFormat>
        <isDerived>false</isDerived>
        <label>Flights By Non Members</label>
        <sortIndex>3</sortIndex>
    </measures>
    <measures>
        <field>Enrollments2017_2018_1.C</field>
        <formatCustomFormat>[&quot;#,###.##%&quot;,100]</formatCustomFormat>
        <isDerived>false</isDerived>
        <label>Enrollments</label>
        <sortIndex>4</sortIndex>
    </measures>
    <measures>
        <field>Enrollments2017_2018_1.B</field>
        <isDerived>false</isDerived>
        <label>Enrollment_2018</label>
        <sortIndex>5</sortIndex>
    </measures>
    <measures>
        <field>Enrollments2017_2018_1.A</field>
        <isDerived>false</isDerived>
        <label>Enrollment_2017</label>
        <sortIndex>6</sortIndex>
    </measures>
    <measures>
        <field>Customer_Association_1.C</field>
        <formatCustomFormat>[&quot;#,###.##%&quot;,100]</formatCustomFormat>
        <isDerived>false</isDerived>
        <label>Customer Association</label>
        <sortIndex>7</sortIndex>
    </measures>
    <measures>
        <field>Cancellations_Percen_1.C</field>
        <formatCustomFormat>[&quot;#,###.##%&quot;,100]</formatCustomFormat>
        <isDerived>false</isDerived>
        <label>Cancellations</label>
        <sortIndex>8</sortIndex>
    </measures>
    <measures>
        <field>Enrollments_Over_The_1.B</field>
        <isDerived>false</isDerived>
        <label>Cancellation</label>
        <sortIndex>9</sortIndex>
    </measures>
    <measures>
        <field>Enrollments_Over_The_1.A</field>
        <isDerived>false</isDerived>
        <label>Enrollment</label>
        <sortIndex>10</sortIndex>
    </measures>
    <measures>
        <field>Activities_By_Member_1.A</field>
        <isDerived>false</isDerived>
        <label>Flights Booked By Members</label>
        <sortIndex>11</sortIndex>
    </measures>
    <measures>
        <field>Activities_By_Member_1.B</field>
        <isDerived>false</isDerived>
        <label>Flights Booked By Non Members</label>
        <sortIndex>12</sortIndex>
    </measures>
    <measures>
        <field>Distance_Travelled_1.A</field>
        <isDerived>false</isDerived>
        <label>Distance Travelled By Members</label>
        <sortIndex>13</sortIndex>
    </measures>
    <measures>
        <field>Distance_Travelled_1.B</field>
        <isDerived>false</isDerived>
        <label>Distance Travelled By Non Members</label>
        <sortIndex>14</sortIndex>
    </measures>
    <type>Asset</type>
    <waveVisualization>Customer_Flight_Activity_Dashboard</waveVisualization>
</WaveXmd>
